id,service_id,customer_id,professional_id,date_of_request,date_of_completion,service_status,remarks,rating
1,1,2,3,2024-11-30T10:01:42.609495,2024-11-28T15:30:00,rejected,,
2,1,2,3,2024-11-30T12:38:44.846475,,closed,,
3,1,2,3,2024-11-30T12:42:00.701603,,completed,sd,3
4,1,2,3,2024-11-30T12:43:15.590321,,rejected,Nothing,
5,1,2,3,2024-11-30T12:44:29.644034,,completed,,4
6,1,2,3,2024-11-30T12:45:08.645189,,assigned,,
7,1,2,3,2024-11-30T12:45:43.142222,,rejected,,
8,1,2,3,2024-11-30T12:46:31.835038,,rejected,,
9,1,2,3,2024-11-30T12:48:01.041835,2024-11-28T15:31:00,rejected,This is the updated request,
10,1,2,3,2024-11-30T12:50:18.116735,,rejected,,
11,1,2,3,2024-11-30T12:53:13.865195,2024-11-15T07:23:00,rejected,,
12,1,2,3,2024-12-02T22:06:56.086170,2024-12-06T16:36:00,rejected,nothing,
13,1,5,3,2024-12-03T08:45:16.184591,2024-12-28T03:15:00,requested,Updated remarks,
